score;highest tile;number of moves;time per move
51880; 4096; 2387; 0.553324
36596; 2048; 1895; 0.471741
80876; 4096; 3780; 0.701950
80404; 4096; 3711; 0.713271
80264; 4096; 3721; 0.719036
81156; 4096; 3756; 0.664485
79924; 4096; 3699; 0.761657
16284; 1024; 961; 0.034585
60560; 4096; 2829; 0.618715
164488; 8192; 6764; 0.759432